"Horodateur","votre adresse e-mail","Nom et Premom","Quel age avez-vous ?","Etes-vous ?","Vous vous intéressez aux plats malgaches?","Si oui, quelle sorte de plat préférez-vous?","Aimez-vous la cuisine Malgache ?","Vous souhaitez en savoir plus à propos de la cuisine malgache ?"
"2022/07/27 3:18:21 PM UTC+2","rfenosoa1@gmail.com","RANDRIAMBOLA Lova Fenosoa","29","Homme","Oui","Vary sy loaka","Koba","Les principaux plats qui différencie chaque régions."
"2022/07/27 3:22:37 PM UTC+2","rantosahazaralijaona@gmail.com","Ralijaona Ranto Sahaza","21","Homme","Oui","lasopy tongotromby","Koba","personelement je souhaite savoir les preparations de repas"
"2022/07/28 5:35:43 AM UTC+2","brayjuanico@gmail.com","Raharimanana Brayann","20","Homme","Oui","Poisson grillé (fia friry)","Mokary","Ouii"
"2022/07/28 9:54:29 AM UTC+2","voarysarobidy25@gmail.com","Razafindralambo Voary","25ans","Femme","Oui","vary be menaka","Koba","Oui"
"2022/07/28 9:57:18 AM UTC+2","nyonysahoby@gmail.com","RAMANANDRAIBE Sahoby Ny Ony","18","Femme","Oui","plat au fruit de mer","Koba","Oui"
"2022/07/28 9:57:55 AM UTC+2","tojoniainaraherinirina00@yahoo.fr","RAHERINIRINA Tojoniaina","30 ans","Homme","Oui","Feuilles de manioc pilées avec du porc","Ravitoto","Oui, surtout par rapport à la préparation"
"2022/07/28 2:14:02 PM UTC+2","rajaonarynomena@gmail.com","Rajaonary Nomena Rovasoa","26","Femme","Oui","Les plats traditionnels","Ravitoto","Bien sur"